-- phpMyAdmin SQL Dump
-- version 4.5.4.1deb2ubuntu2
-- http://www.phpmyadmin.net
--
-- Host: localhost
-- Generation Time: 06 Des 2017 pada 00.55
-- Versi Server: 5.7.20-0ubuntu0.16.04.1
-- PHP Version: 7.1.12-1+ubuntu16.04.1+deb.sury.org+1

SET SQL_MODE = "NO_AUTO_VALUE_ON_ZERO";
SET time_zone = "+00:00";


/*!40101 SET @OLD_CHARACTER_SET_CLIENT=@@CHARACTER_SET_CLIENT */;
/*!40101 SET @OLD_CHARACTER_SET_RESULTS=@@CHARACTER_SET_RESULTS */;
/*!40101 SET @OLD_COLLATION_CONNECTION=@@COLLATION_CONNECTION */;
/*!40101 SET NAMES utf8mb4 */;

--
-- Database: `kucing`
--

-- --------------------------------------------------------

--
-- Struktur dari tabel `data_kucing`
--

CREATE TABLE `data_kucing` (
  `id_kucing` int(11) NOT NULL,
  `nama_kucing` varchar(25) NOT NULL,
  `umur` int(11) NOT NULL,
  `ras` varchar(50) NOT NULL,
  `warna_bulu` varchar(25) NOT NULL,
  `jenis_kelamin` varchar(10) NOT NULL,
  `tanggal_daftar` datetime NOT NULL DEFAULT CURRENT_TIMESTAMP
) ENGINE=InnoDB DEFAULT CHARSET=latin1;

--
-- Dumping data untuk tabel `data_kucing`
--

INSERT INTO `data_kucing` (`id_kucing`, `nama_kucing`, `umur`, `ras`, `warna_bulu`, `jenis_kelamin`, `tanggal_daftar`) VALUES
(1, 'Ones', 3, 'Lokal', 'Putih Abu', 'Jantan', '2017-12-05 21:51:57'),
(3, 'John', 4, 'Mix', 'Kuning', 'Jantan', '2017-12-05 21:51:57'),
(4, 'Cahyo', 0, '', '', '', '2017-12-05 21:51:57'),
(5, 'Cahyo', 0, '', '', '', '2017-12-05 21:51:57'),
(6, 'Cahyo', 0, '', '', '', '2017-12-05 21:51:57'),
(7, 'Cahyo', 0, '', '', '', '2017-12-05 21:51:57'),
(8, 'Cahyo', 0, '', '', '', '2017-12-05 21:51:57'),
(9, 'John', 0, '', '', 'Jantan', '2017-12-05 21:51:57'),
(10, 'John', 0, '', '', 'Jantan', '2017-12-05 21:51:57'),
(11, 'John', 0, '', '', 'Jantan', '2017-12-05 21:51:57'),
(12, '', 0, '', '', '', '2017-12-05 21:51:57'),
(13, '', 0, '', '', '', '2017-12-05 21:51:57'),
(14, '', 0, '', '', '', '2017-12-05 21:51:57'),
(15, '', 0, '', '', '', '2017-12-05 21:51:57'),
(16, '', 0, '', '', '', '2017-12-05 21:51:57'),
(17, 'John', 0, '', '', 'Jantan', '2017-12-05 21:51:57'),
(18, 'Black', 0, '', '', '', '2017-12-05 21:51:57'),
(19, 'Paul', 0, '', '', '', '2017-12-05 21:51:57'),
(20, 'Paul', 0, '', '', '', '2017-12-05 21:51:57'),
(21, 'Paul', 0, '', '', '', '2017-12-05 21:51:57'),
(22, 'Paul', 0, '', '', '', '2017-12-05 21:51:57'),
(23, 'Paul', 0, '', '', '', '2017-12-05 21:51:57'),
(24, 'Ojan', 4, 'Lokal', 'Putih Cokelat', 'Jantan', '2017-12-05 21:51:57'),
(25, 'Ojan', 4, 'Lokal', 'Putih Cokelat', 'Jantan', '2017-12-05 21:51:57'),
(26, 'Onez', 6, 'Lokal', 'Putih Abu', 'Jantan', '2017-12-05 21:51:57'),
(27, 'Pauli', 4, 'British Shorthair', 'Abu', 'Betina', '2017-12-05 21:51:57'),
(28, 'Emplod', 7, 'Himalaya', 'Putih Cokelat', 'Jantan', '2017-12-05 21:51:57'),
(29, 'Puyol', 5, 'Sphinx', '-', 'Jantan', '2017-12-05 21:51:57'),
(30, 'Rubi', 7, 'Lokal', 'Emas', 'Jantan', '2017-12-05 21:51:57'),
(31, 'Rubi', 7, 'Lokal', 'Emas', 'Jantan', '2017-12-05 21:51:57'),
(32, 'Rubi', 7, 'Lokal', 'Emas', 'Jantan', '2017-12-05 21:51:57'),
(33, 'Rubi', 7, 'Lokal', 'Emas', 'Jantan', '2017-12-05 21:51:57'),
(34, 'Rubi', 7, 'Lokal', 'Emas', 'Jantan', '2017-12-05 21:51:57'),
(35, 'Rubi', 7, 'Lokal', 'Emas', 'Jantan', '2017-12-05 21:51:57'),
(36, 'Rubi', 7, 'Lokal', 'Emas', 'Jantan', '2017-12-05 21:51:57'),
(37, 'Dolan', 9, 'Lokal', 'Putih Kuning', 'Jantan', '2017-12-05 21:51:57'),
(38, 'Dolan', 9, 'Lokal', 'Putih Kuning', 'Jantan', '2017-12-05 21:51:57'),
(39, 'Martin', 7, 'Persia', 'Kuning', 'Jantan', '2017-12-05 21:51:57'),
(40, 'Ponti', 7, 'Mix', 'Kuning Putih', 'Jantan', '2017-12-05 21:51:57'),
(41, 'ucinx', 2, 'kampung', 'kuning', 'Betina', '2017-12-05 21:51:57'),
(42, '3', 0, 'Hitam Putih', 'Jantan', '', '2017-12-05 21:51:57'),
(43, '3', 0, 'Hitam Putih', 'Jantan', '', '2017-12-05 21:51:57'),
(44, '3', 0, 'Hitam Putih', 'Jantan', '', '2017-12-05 21:51:57'),
(45, '3', 0, 'Hitam Putih', 'Jantan', '', '2017-12-05 21:51:57'),
(46, '3', 0, 'Hitam Putih', 'Jantan', '', '2017-12-05 21:51:57'),
(47, '3', 0, 'Hitam Putih', 'Jantan', '', '2017-12-05 21:51:57'),
(48, '3', 0, 'Hitam Putih', 'Jantan', '', '2017-12-05 21:51:57'),
(49, '3', 0, 'Hitam Putih', 'Jantan', '', '2017-12-05 21:51:57'),
(50, '3', 0, 'Hitam Putih', 'Jantan', '', '2017-12-05 21:51:57'),
(51, '3', 0, 'Hitam Putih', 'Jantan', '', '2017-12-05 21:51:57'),
(52, '3', 0, 'Hitam Putih', 'Jantan', '', '2017-12-05 21:51:57'),
(53, '3', 0, 'Hitam Putih', 'Jantan', '', '2017-12-05 21:51:57'),
(54, '3', 0, 'Hitam Putih', 'Jantan', '', '2017-12-05 21:51:57'),
(55, '3', 0, 'Hitam Putih', 'Jantan', '', '2017-12-05 21:51:57'),
(56, '3', 0, 'Hitam Putih', 'Jantan', '', '2017-12-05 21:51:57'),
(57, '3', 0, 'Hitam Putih', 'Jantan', '', '2017-12-05 21:51:57'),
(58, '3', 0, 'Hitam Putih', 'Jantan', '', '2017-12-05 21:51:57'),
(59, '3', 0, 'Hitam Putih', 'Jantan', '', '2017-12-05 21:51:57'),
(60, '7', 0, 'Abu Putih', 'Jantan', '', '2017-12-05 21:51:57'),
(61, '7', 0, 'Abu Putih', 'Jantan', '', '2017-12-05 21:51:57'),
(62, '4', 0, 'Kuning', 'Betina', '', '2017-12-05 21:51:57'),
(63, '4', 0, 'Putih', 'Jantan', '', '2017-12-05 21:51:57'),
(64, '4', 0, 'Putih', 'Jantan', '', '2017-12-05 21:51:57'),
(65, '4', 0, 'Putih', 'Jantan', '', '2017-12-05 21:51:57'),
(66, '5', 0, 'Hitam', 'Jantan', '', '2017-12-05 21:51:57'),
(67, '4', 0, 'Hitam', 'Jantan', '', '2017-12-05 21:51:57'),
(68, '5', 0, 'Putih', 'Jantan', '', '2017-12-05 21:51:57'),
(69, '3', 0, 'Coklat', 'Jantan', '', '2017-12-05 21:51:57'),
(70, '6', 0, 'hangru', 'Jantan', '', '2017-12-05 21:51:57'),
(71, '3', 0, 'Krem', 'Jantan', '', '2017-12-05 21:51:57'),
(72, 'Marck', 4, 'Putih', 'Jantan', '', '2017-12-05 21:51:57'),
(73, 'Markus', 4, 'Hitam', 'Jantan', '', '2017-12-05 21:51:57'),
(74, 'Chris', 5, 'Putih Cokelat', 'Jantan', '', '2017-12-05 21:51:57'),
(75, 'Chris', 5, 'Putih Cokelat', 'Jantan', '', '2017-12-05 21:51:57'),
(76, 'Alex', 4, 'Hitam', 'Betina', '', '2017-12-05 21:51:57'),
(77, 'Gigin', 4, 'Putih', 'Jantan', '', '2017-12-05 21:51:57'),
(78, 'Marco', 4, 'Hitam', 'Jantan', '', '2017-12-05 21:51:57'),
(79, 'Stuart', 5, 'Kuning', 'Jantan', '', '2017-12-05 21:51:57'),
(80, 'Pomo', 5, 'Kuning', 'Jantan', '', '2017-12-05 21:51:57'),
(81, 'Devon', 5, 'Hitam', 'Jantan', '', '2017-12-05 21:51:57'),
(82, 'Miaw', 4, 'Putih', 'Jantan', '', '2017-12-05 21:51:57'),
(83, 'Paw', 4, 'Putih Abu', 'Jantan', '', '2017-12-05 21:51:57'),
(84, 'Bambam', 4, 'Putih Cokelat', 'Jantan', '', '2017-12-05 21:51:57'),
(85, 'Moro', 4, 'Hitam', 'Jantan', '', '2017-12-05 21:51:57'),
(86, 'Frans', 4, 'Hitam', 'Betina', '', '2017-12-05 21:51:57'),
(87, 'Modol', 4, 'Kuning', 'Betina', '', '2017-12-05 21:51:57'),
(88, 'Joanna', 4, 'Kuning Putih', 'Jantan', '', '2017-12-05 21:51:57'),
(89, 'Mondo', 4, 'Kuning', 'Jantan', '', '2017-12-05 21:51:57'),
(90, 'Brown', 4, 'Kuning', 'Betina', '', '2017-12-05 21:51:57'),
(91, 'Prong', 4, 'Abu-abu', 'Jantan', '', '2017-12-05 21:51:57'),
(92, 'Prama', 4, 'Hitam', 'Jantan', '', '2017-12-05 21:51:57'),
(93, 'Joen', 5, 'Hitam', 'Jantan', '', '2017-12-05 21:51:57'),
(94, 'lala', 6, 'Putih', 'Betina', '', '2017-12-05 21:51:57'),
(95, 'Proris', 5, 'Putih', 'Jantan', '', '2017-12-05 21:51:57'),
(96, 'Harman', 5, 'Hitam', 'Jantan', '', '2017-12-05 21:51:57'),
(97, 'Pram', 5, 'Hitam', 'Jantan', '', '2017-12-05 21:51:57'),
(98, 'Toto', 5, 'Hitam', 'Jantan', '', '2017-12-05 21:51:57'),
(99, 'Pur', 5, 'Hitam', 'Jantan', '', '2017-12-05 21:51:57'),
(100, 'Maw', 5, 'Kuning', 'Jantan', '', '2017-12-05 21:51:57'),
(101, 'Nono', 5, 'Hitam Putih', 'Jantan', '', '2017-12-05 21:51:57'),
(102, 'Poro', 5, 'Kuning Hitam', 'Jantan', '', '2017-12-05 21:51:57'),
(103, 'Kobe', 5, 'Kuning Putih Hitam', 'Betina', '', '2017-12-05 21:51:57'),
(104, 'Kobe', 5, 'Kuning Putih Hitam', 'Betina', '', '2017-12-05 21:51:57'),
(105, 'Kobe', 5, 'Kuning Putih Hitam', 'Betina', '', '2017-12-05 21:51:57'),
(106, 'Kobe', 5, 'Kuning Putih Hitam', 'Betina', '', '2017-12-05 21:51:57'),
(107, 'Kobe', 5, 'Kuning Putih Hitam', 'Betina', '', '2017-12-05 21:51:57'),
(108, 'Kobe', 5, 'Kuning Putih Hitam', 'Betina', '', '2017-12-05 21:51:57'),
(109, 'Kobe', 5, 'Kuning Putih Hitam', 'Betina', '', '2017-12-05 21:51:57'),
(110, 'Kobe', 5, 'Kuning Putih Hitam', 'Betina', '', '2017-12-05 21:51:57'),
(111, 'Kobe', 5, 'Kuning Putih Hitam', 'Betina', '', '2017-12-05 21:51:57'),
(112, 'Kobe', 5, 'Kuning Putih Hitam', 'Betina', '', '2017-12-05 21:51:57'),
(113, 'Kobe', 5, 'Kuning Putih Hitam', 'Betina', '', '2017-12-05 21:51:57'),
(114, 'Kobe', 5, 'Kuning Putih Hitam', 'Betina', '', '2017-12-05 21:51:57'),
(115, 'Kobe', 5, 'Kuning Putih Hitam', 'Betina', '', '2017-12-05 21:51:57'),
(116, 'Kobe', 5, 'Kuning Putih Hitam', 'Betina', '', '2017-12-05 21:51:57'),
(117, 'Kobe', 5, 'Kuning Putih Hitam', 'Betina', '', '2017-12-05 21:51:57'),
(118, 'Kobe', 5, 'Kuning Putih Hitam', 'Betina', '', '2017-12-05 21:51:57'),
(119, 'Kobe', 5, 'Kuning Putih Hitam', 'Betina', '', '2017-12-05 21:51:57'),
(120, 'Kobe', 5, 'Kuning Putih Hitam', 'Betina', '', '2017-12-05 21:51:57'),
(121, 'Kobe', 5, 'Kuning Putih Hitam', 'Betina', '', '2017-12-05 21:51:57'),
(122, 'Kobe', 5, 'Kuning Putih Hitam', 'Betina', '', '2017-12-05 21:51:57'),
(123, 'Kobe', 5, 'Kuning Putih Hitam', 'Betina', '', '2017-12-05 21:51:57'),
(124, 'Kobe', 5, 'Kuning Putih Hitam', 'Betina', '', '2017-12-05 21:51:57'),
(125, 'Kobe', 5, 'Kuning Putih Hitam', 'Betina', '', '2017-12-05 21:51:57'),
(126, 'Johnson', 4, 'Putih', 'Jantan', '', '2017-12-05 21:51:57'),
(127, 'Mark', 5, 'Hitam', 'Jantan', '', '2017-12-05 21:51:57'),
(128, 'Downy', 5, 'Putih', 'Jantan', '', '2017-12-05 21:51:57'),
(129, 'Far', 5, 'Hitam', 'Jantan', '', '2017-12-05 21:51:57'),
(130, 'Dada', 5, 'Hitam', 'Jantan', '', '2017-12-05 21:51:57'),
(131, 'Marwas', 5, 'Putih', 'Jantan', '', '2017-12-05 21:51:57'),
(132, 'Monmon', 5, 'Hitam', 'Jantan', '', '2017-12-05 21:51:57'),
(133, 'Devon', 5, 'Kuning', 'Jantan', '', '2017-12-05 21:51:57'),
(134, 'Bill', 5, 'Hitam', 'Jantan', '', '2017-12-05 21:51:57'),
(135, 'Bill', 5, 'Hitam', 'Jantan', '', '2017-12-05 21:51:57'),
(136, 'Mamaw', 4, 'Kuning', 'Betina', '', '2017-12-05 21:51:57'),
(137, 'Mamaw', 4, 'Kuning', 'Betina', '', '2017-12-05 21:51:57'),
(138, 'Kolo', 4, 'Putih', 'Jantan', '', '2017-12-05 21:51:57'),
(139, 'Mocca', 5, 'Putih', 'Jantan', '', '2017-12-05 21:51:57'),
(140, 'Mocca', 5, 'Putih', 'Jantan', '', '2017-12-05 21:51:57'),
(141, 'Mocca', 5, 'Putih', 'Jantan', '', '2017-12-05 21:51:57'),
(142, 'Mocca', 5, 'Putih', 'Jantan', '', '2017-12-05 21:51:57'),
(143, 'Mocca', 5, 'Putih', 'Jantan', '', '2017-12-05 21:51:57'),
(144, 'Mocca', 5, 'Putih', 'Jantan', '', '2017-12-05 21:51:57'),
(145, 'Mocca', 5, 'Putih', 'Jantan', '', '2017-12-05 21:51:57'),
(146, 'Mocca', 5, 'Putih', 'Jantan', '', '2017-12-05 21:51:57'),
(147, 'Mocca', 5, 'Putih', 'Jantan', '', '2017-12-05 21:51:57'),
(148, 'Mocca', 5, 'Putih', 'Jantan', '', '2017-12-05 21:51:57'),
(149, 'Mocca', 5, 'Putih', 'Jantan', '', '2017-12-05 21:51:57'),
(150, 'Mocca', 5, 'Putih', 'Jantan', '', '2017-12-05 21:51:57'),
(151, 'Mocca', 5, 'Putih', 'Jantan', '', '2017-12-05 21:51:57'),
(152, 'Mocca', 5, 'Putih', 'Jantan', '', '2017-12-05 21:51:57'),
(153, 'Mocca', 5, 'Putih', 'Jantan', '', '2017-12-05 21:51:57'),
(154, 'Mocca', 5, 'Putih', 'Jantan', '', '2017-12-05 21:51:57'),
(155, 'Mocca', 5, 'Putih', 'Jantan', '', '2017-12-05 21:51:57'),
(156, 'Mocca', 5, 'Putih', 'Jantan', '', '2017-12-05 21:51:57'),
(157, 'Stab', 5, 'Kuning', 'Jantan', '', '2017-12-05 21:51:57'),
(158, 'Roro', 5, 'Putih', 'Jantan', '', '2017-12-05 21:51:57'),
(159, 'Duncan', 4, 'Kuning', 'Jantan', '', '2017-12-05 21:51:57'),
(160, 'Mbor', 5, 'Hitam Putih', 'Betina', '', '2017-12-05 21:51:57'),
(161, 'Grey', 2, 'Hitam Putih', 'Jantan', '', '2017-12-05 21:51:57'),
(162, 'Braa', 5, 'Hitam', 'Jantan', '', '2017-12-05 21:51:57'),
(163, 'Engky', 15, 'Hitam Kuning Putih', 'Betina', '', '2017-12-05 21:51:57'),
(164, 'Olom', 5, 'HItam', 'Jantan', '', '2017-12-05 21:51:57'),
(165, 'Omo', 5, 'Domestik', 'Putih', 'Jantan', '2017-12-05 21:51:57'),
(166, 'Papa', 5, 'Domestik', 'Hitam', 'Jantan', '2017-12-05 21:51:57'),
(167, 'Brother', 4, 'Domestik', 'Hitam', 'Jantan', '2017-12-05 21:51:57'),
(168, 'Taylor', 4, 'Persia', 'Kuning', 'Jantan', '2017-12-05 21:51:57'),
(169, 'Bobby', 5, 'Domestik', 'Hitam', 'Jantan', '2017-12-05 21:51:57'),
(170, 'Popoy', 4, 'Domestik', 'Putih', 'Jantan', '2017-12-05 21:51:57'),
(171, 'Totoy', 4, 'Domestik', 'Coklat', '', '2017-12-05 21:51:57'),
(172, 'Steve', 5, 'Persia', 'Kuning', 'Jantan', '2017-12-05 21:51:57'),
(173, 'Theodore', 4, 'Domestik', 'Putih', 'Jantan', '2017-12-05 21:51:57'),
(174, 'Douglas', 4, 'Domestik', 'Hitam', 'Jantan', '2017-12-05 21:51:57'),
(175, 'Brom', 4, 'Domestik', 'Cokelat', 'Jantan', '2017-12-05 21:51:57'),
(176, 'Julius', 6, 'Domestik', 'Putih', 'Jantan', '2017-12-05 21:51:57'),
(177, 'Julius', 6, 'Domestik', 'Putih', 'Jantan', '2017-12-05 21:51:57'),
(178, 'Dodon', 4, 'Domestik', 'Putih', 'Jantan', '2017-12-05 21:51:57'),
(179, 'Bondan', 5, 'Persia', 'Kuning', 'Jantan', '2017-12-05 21:51:57'),
(180, 'Bondan', 5, 'Persia', 'Kuning', 'Jantan', '2017-12-05 21:51:57'),
(181, 'Bondan', 5, 'Persia', 'Kuning', 'Jantan', '2017-12-05 21:51:57'),
(182, 'Bondan', 5, 'Persia', 'Kuning', 'Jantan', '2017-12-05 21:51:57'),
(183, 'Bondan', 5, 'Persia', 'Kuning', 'Jantan', '2017-12-05 21:51:57'),
(184, 'Bondan', 5, 'Persia', 'Kuning', 'Jantan', '2017-12-05 21:51:57'),
(185, 'Bondan', 5, 'Persia', 'Kuning', 'Jantan', '2017-12-05 21:51:57'),
(186, 'Bondan', 5, 'Persia', 'Kuning', 'Jantan', '2017-12-05 21:51:57'),
(187, 'Bondan', 5, 'Persia', 'Kuning', 'Jantan', '2017-12-05 21:51:57'),
(188, 'Bondan', 5, 'Persia', 'Kuning', 'Jantan', '2017-12-05 21:51:57'),
(189, 'Bondan', 5, 'Persia', 'Kuning', 'Jantan', '2017-12-05 21:51:57'),
(190, 'Bondan', 5, 'Persia', 'Kuning', 'Jantan', '2017-12-05 21:51:57'),
(191, 'Bondan', 5, 'Persia', 'Kuning', 'Jantan', '2017-12-05 21:51:57'),
(192, 'Bondan', 5, 'Persia', 'Kuning', 'Jantan', '2017-12-05 21:51:57'),
(193, 'Bondan', 5, 'Persia', 'Kuning', 'Jantan', '2017-12-05 21:51:57'),
(194, 'Bondan', 5, 'Persia', 'Kuning', 'Jantan', '2017-12-05 21:51:57'),
(195, 'Dodoy', 4, 'Persia', 'Kuning', 'Jantan', '2017-12-05 21:51:57'),
(196, 'Dodoy', 4, 'Persia', 'Kuning', 'Jantan', '2017-12-05 21:51:57'),
(197, 'Dodoy', 4, 'Persia', 'Kuning', 'Jantan', '2017-12-05 21:51:57'),
(198, 'Dodoy', 4, 'Persia', 'Kuning', 'Jantan', '2017-12-05 21:51:57'),
(199, 'Dodoy', 4, 'Persia', 'Kuning', 'Jantan', '2017-12-05 21:51:57'),
(200, 'Dodoy', 4, 'Persia', 'Kuning', 'Jantan', '2017-12-05 21:51:57'),
(201, 'Dodoy', 4, 'Persia', 'Kuning', 'Jantan', '2017-12-05 21:51:57'),
(202, 'Dodoy', 4, 'Persia', 'Kuning', 'Jantan', '2017-12-05 21:51:57'),
(203, 'Dodoy', 4, 'Persia', 'Kuning', 'Jantan', '2017-12-05 21:51:57'),
(204, 'Dodoy', 4, 'Persia', 'Kuning', 'Jantan', '2017-12-05 21:51:57'),
(205, 'Dodoy', 4, 'Persia', 'Kuning', 'Jantan', '2017-12-05 21:51:57'),
(206, 'Dodoy', 4, 'Persia', 'Kuning', 'Jantan', '2017-12-05 21:51:57'),
(207, 'Dodoy', 4, 'Persia', 'Kuning', 'Jantan', '2017-12-05 21:51:57'),
(208, 'Dodoy', 4, 'Persia', 'Kuning', 'Jantan', '2017-12-05 21:51:57'),
(209, 'Baba', 4, 'Domestik', 'Hitam', 'Jantan', '2017-12-05 21:51:57'),
(210, 'Tantra', 5, 'American Curl', 'Hitam', 'Jantan', '2017-12-05 21:51:57'),
(211, 'Tantan', 4, 'Domestik', 'Hitam', 'Jantan', '2017-12-05 21:51:57'),
(212, 'Merry', 4, 'Domestik', 'Putih', 'Jantan', '2017-12-05 21:51:57'),
(213, 'Pikoro', 4, 'Domestik', 'Hitam', 'Jantan', '2017-12-05 21:51:57'),
(214, 'Kuririn', 4, 'Domestik', 'Putih', 'Jantan', '2017-12-05 21:51:57'),
(215, 'Kuririn', 4, 'Domestik', 'Putih', 'Jantan', '2017-12-05 21:51:57'),
(216, 'Kuririn', 4, 'Domestik', 'Putih', 'Jantan', '2017-12-05 21:51:57'),
(217, 'Morok', 4, 'Domestik', 'Hitam', 'Jantan', '2017-12-05 21:51:57'),
(218, 'Morok', 4, 'Domestik', 'Hitam', 'Jantan', '2017-12-05 21:51:57'),
(219, 'Morok', 4, 'Domestik', 'Hitam', 'Jantan', '2017-12-05 21:51:57'),
(220, 'Morok', 4, 'Domestik', 'Hitam', 'Jantan', '2017-12-05 21:51:57'),
(221, '', 0, '', '', '', '2017-12-05 21:51:57'),
(222, '', 0, '', '', '', '2017-12-05 21:51:57'),
(223, '', 0, '', '', '', '2017-12-05 21:51:57'),
(224, '', 0, '', '', '', '2017-12-05 21:51:57'),
(225, 'Marriot', 4, 'Domestik', 'Putih', 'Jantan', '2017-12-05 21:51:57'),
(226, 'Momox', 4, 'Domestik', 'Putih', 'Jantan', '2017-12-05 21:51:57'),
(227, 'Momox', 4, 'Domestik', 'Putih', 'Jantan', '2017-12-05 21:51:57'),
(228, 'Momox', 4, 'Domestik', 'Putih', 'Jantan', '2017-12-05 21:51:57'),
(229, 'Momox', 4, 'Domestik', 'Putih', 'Jantan', '2017-12-05 21:51:57'),
(230, 'Momox', 4, 'Domestik', 'Putih', 'Jantan', '2017-12-05 21:51:57'),
(231, 'Momox', 4, 'Domestik', 'Putih', 'Jantan', '2017-12-05 21:51:57'),
(232, 'Kiki', 4, 'Domestik', 'Putih', 'Jantan', '2017-12-05 21:51:57'),
(233, 'Digimon', 4, 'Persia', 'Kuning', 'Jantan', '2017-12-05 21:51:57'),
(234, 'Kuro', 4, 'Domestik', 'Hitam', 'Jantan', '2017-12-05 21:51:57'),
(235, 'Farid', 4, 'Domestik', 'Hitam', 'Jantan', '2017-12-05 21:51:57'),
(236, 'Goblox', 4, 'Domestik', 'Coklat', 'Jantan', '2017-12-05 21:51:57'),
(237, 'ahmda', 12, 'Aphrodite', 'Hijau', 'Jantan', '2017-12-05 21:51:57'),
(238, 'Bona', 5, 'Persia', 'Krem', 'Jantan', '2017-12-05 21:51:57'),
(239, 'Memey', 4, 'Persia', 'Putih Abu', 'Betina', '2017-12-05 21:51:57'),
(240, 'Mori', 5, 'American Curl', 'Putih Cokelat', 'Betina', '2017-12-05 21:51:57'),
(241, 'Bonbon', 4, 'Persia', 'Krem', 'Jantan', '2017-12-05 21:51:57'),
(242, 'Korong', 4, 'Domestik', 'Putih', 'Jantan', '2017-12-05 21:51:57'),
(243, 'Porno', 5, 'Domestik', 'Hitam', 'Jantan', '2017-12-05 21:51:57'),
(244, 'Parampa', 4, 'American Curl', 'Putih', 'Jantan', '2017-12-05 21:51:57'),
(245, 'Erwin', 6, 'Domestik', 'Putih', 'Jantan', '2017-12-05 21:51:57'),
(246, 'Komo', 4, 'Anatolian', 'Coklat', 'Jantan', '2017-12-05 21:51:57'),
(247, 'Picolo', 4, 'Domestik', 'Hitam', 'Jantan', '2017-12-05 21:51:57'),
(248, 'Sianying', 5, 'Domestik', 'Hitam', 'Jantan', '2017-12-05 21:51:57'),
(249, 'Anyuing', 5, 'Domestik', 'Hitam', 'Jantan', '2017-12-05 21:51:57'),
(250, 'Jopos', 4, 'Domestik', 'Putih', 'Jantan', '2017-12-05 21:51:57'),
(251, 'Booboo', 4, 'Domestik', 'Putih', 'Jantan', '2017-12-05 21:51:57'),
(252, 'Nomnom', 5, 'Domestik', 'Hitam Putih', 'Jantan', '2017-12-05 21:51:57'),
(253, 'Skripsi Pibereseun', 5, 'Persia', 'Kuning', 'Jantan', '2017-12-05 21:51:57'),
(254, 'Monny', 5, 'Domestik', 'Hitam', 'Jantan', '2017-12-05 21:51:57'),
(255, 'Nyoman', 6, 'Devon Rex', 'Hitam', 'Jantan', '2017-12-05 21:51:57'),
(256, 'Nyamnyam', 4, 'Persia', 'Kuning', 'Jantan', '2017-12-05 21:51:57'),
(257, 'Kucing', 4, 'Domestik', 'Hitam', 'Jantan', '2017-12-05 21:51:57'),
(258, 'Kucing', 4, 'Domestik', 'Hitam', 'Jantan', '2017-12-05 21:51:57'),
(259, 'Kucing', 4, 'Persia', 'Kuning', 'Jantan', '2017-12-05 21:51:57'),
(260, 'Ucing', 4, 'Domestik', 'Hitam', 'Jantan', '2017-12-05 21:51:57'),
(261, 'Kucinx', 4, 'Persia', 'Kuning', 'Jantan', '2017-12-05 21:51:57'),
(262, 'Cinx', 5, 'Domestik', 'Kuning Putih', 'Jantan', '2017-12-05 21:51:57'),
(263, 'Mono', 4, 'Domestik', 'Hitam', 'Jantan', '2017-12-05 21:51:57'),
(264, 'Kimo', 4, 'Persia', 'Kuning', 'Jantan', '2017-12-05 21:51:57'),
(265, 'Bono', 4, 'Persia', 'Kuning', 'Jantan', '2017-12-05 21:51:57'),
(266, 'Kino', 4, 'Persia', 'Hitam', 'Jantan', '2017-12-05 21:51:57'),
(267, 'Po', 5, 'Domestik', 'Hitam', 'Jantan', '2017-12-05 21:51:57'),
(268, 'Tinky', 5, 'Domestik', 'Hitam Putih', 'Jantan', '2017-12-05 21:51:57'),
(269, 'Sami', 4, 'Domestik', 'Hitam', 'Jantan', '2017-12-05 21:51:57'),
(270, 'Sudan', 5, 'Domestik', 'Kuning', 'Jantan', '2017-12-05 21:51:57'),
(271, 'popo', 6, 'Persia', 'Kuning', 'Jantan', '2017-12-05 21:51:57'),
(272, 'ipin', 23, 'Balinese', 'j', 'Jantan', '2017-12-05 21:51:57'),
(273, 'Lo', 4, 'Domestik', 'Kuning', 'Jantan', '2017-12-05 21:51:57'),
(274, 'Doydody', 6, 'Domestik', 'Hitam', 'Jantan', '2017-12-05 21:51:57'),
(275, 'Ahmad', 5, 'Domestik', 'Hitam', 'Jantan', '2017-12-05 21:51:57'),
(276, 'Stella', 4, 'Domestik', 'Hitam', 'Betina', '2017-12-05 21:51:57'),
(277, 'Nonon', 5, 'Domestik', 'Kuning', 'Jantan', '2017-12-05 21:51:57'),
(278, 'Nonon', 4, 'Domestik', 'Kuning', 'Jantan', '2017-12-05 21:51:57'),
(279, 'Nonon', 5, 'Domestik', 'Hitam', 'Jantan', '2017-12-05 21:51:57'),
(280, 'Nonon', 4, 'Domestik', 'Hitam', 'Jantan', '2017-12-05 21:51:57'),
(281, 'Nono', 4, 'Domestik', 'Hitam', 'Jantan', '2017-12-05 21:51:57'),
(282, 'z', 4, 'Domestik', 'Hitam', 'Jantan', '2017-12-05 21:51:57'),
(283, 'Nonon', 4, 'Domestik', 'Kuning', 'Jantan', '2017-12-05 21:51:57'),
(284, 'Nonon', 4, 'Domestik', 'Putih', 'Jantan', '2017-12-05 21:51:57'),
(285, 'Nonon', 4, 'Domestik', 'Putih', 'Jantan', '2017-12-05 21:51:57'),
(286, 'Nonon', 4, 'Domestik', 'Putih', 'Jantan', '2017-12-05 21:51:57'),
(287, 'Buaya', 5, 'Domestik', 'Hitam', 'Jantan', '2017-12-05 21:51:57'),
(288, 'z', 4, 'Domestik', 'Hitam', 'Jantan', '2017-12-05 21:51:57'),
(289, 'nomnom', 4, 'Domestik', 'Hitam', 'Jantan', '2017-12-05 21:51:57'),
(290, 'monmon', 4, 'Domestik', 'Hitam', 'Jantan', '2017-12-05 21:51:57'),
(291, 'Frans', 4, 'Domestik', 'Hitam', 'Jantan', '2017-12-05 21:51:57'),
(292, 'Freddy', 5, 'Domestik', 'Kuning', 'Jantan', '2017-12-05 21:51:57'),
(293, 'Erick', 4, 'Domestik', 'Hitam', 'Betina', '2017-12-05 21:51:57'),
(294, 'ROnx', 4, 'Domestik', 'Kuning', 'Jantan', '2017-12-05 21:51:57'),
(295, 'Monx', 4, 'Domestik', 'Kuning', 'Jantan', '2017-12-05 21:51:57'),
(296, 'Stonx', 4, 'Domestik', 'Hitam', 'Jantan', '2017-12-05 21:51:57'),
(297, 'Ponx', 4, 'Domestik', 'Hitam', 'Jantan', '2017-12-05 21:51:57'),
(298, 'Todd', 4, 'Domestik', 'Kuning', 'Jantan', '2017-12-05 21:51:57'),
(299, 'Stunt', 4, 'Domestik', 'Hitam', 'Jantan', '2017-12-05 21:51:57'),
(300, 'Frans', 4, 'Domestik', 'Putih', 'Jantan', '2017-12-05 21:51:57'),
(301, 'Donx', 4, 'Domestik', 'Hitam', 'Jantan', '2017-12-05 21:51:57'),
(302, 'Broms', 4, 'Domestik', 'Hitam', 'Jantan', '2017-12-05 21:51:57'),
(303, 'Monx', 4, 'Domestik', 'Hitam', 'Jantan', '2017-12-05 21:51:57'),
(304, 'Tom', 5, 'Domestik', 'Kuning', 'Jantan', '2017-12-05 21:51:57'),
(305, 'Dom', 4, 'Domestik', 'Hitam', 'Jantan', '2017-12-05 21:51:57'),
(306, 'Anx', 4, 'Domestik', 'Hitam', 'Jantan', '2017-12-05 21:51:57'),
(307, 'Anx', 4, 'Domestik', 'Hitam', 'Jantan', '2017-12-05 21:51:57'),
(308, 'John', 4, 'Domestik', 'Hitam', 'Jantan', '2017-12-05 21:51:57'),
(309, 'John', 4, 'Persia', 'Kuning', 'Jantan', '2017-12-05 21:51:57'),
(310, 'John', 4, 'Domestik', 'Hitam', 'Betina', '2017-12-05 21:51:57'),
(311, 'Paul', 4, 'Domestik', 'Hitam', 'Jantan', '2017-12-05 21:51:57'),
(312, 'John', 4, 'Domestik', 'Hitam', 'Jantan', '2017-12-05 21:51:57'),
(313, 'fariz', 24, 'American Ringtail', 'Sawo matang', 'Jantan', '2017-12-05 21:51:57'),
(314, 'Dani', 24, 'Sphynx', 'Kuning', 'Jantan', '2017-12-05 21:51:57'),
(315, 'Monroe', 4, 'Domestik', 'Hitam', 'Jantan', '2017-12-05 21:51:57'),
(316, 'Paul', 4, 'American Ringtail', 'Hitam', 'Jantan', '2017-12-05 21:51:57'),
(317, 'ahmda', 5, 'Domestik', 'Putih', 'Jantan', '2017-12-05 21:51:57'),
(318, 'Ansor', 4, 'Abyssinian', 'Putih', 'Jantan', '2017-12-05 21:51:57'),
(319, 'Anggri', 5, 'American Curl', 'Coklat', 'Jantan', '2017-12-05 21:51:57'),
(320, 'Faisal', 4, 'American Ringtail', 'Putih', 'Jantan', '2017-12-05 21:51:57'),
(321, 'Arman', 4, 'Domestik', 'Kuning', 'Jantan', '2017-12-05 21:51:57'),
(322, 'Rega', 4, 'Bengal', 'Hitam', 'Jantan', '2017-12-05 21:51:57'),
(323, 'Erik', 13, 'Anatolian', 'Hitam', 'Jantan', '2017-12-05 21:51:57'),
(324, 'Edwin', 3, 'Domestik', 'Hitam', 'Jantan', '2017-12-05 21:51:57'),
(325, 'Yana', 4, 'Domestik', 'Hitam', 'Jantan', '2017-12-05 21:51:57'),
(326, 'Fadhikl', 4, 'Domestik', 'Putih', 'Jantan', '2017-12-05 21:51:57'),
(327, 'Barca', 4, 'Domestik', 'Hitam', 'Jantan', '2017-12-05 21:51:57'),
(328, 'Pororor', 4, 'Ashera', 'Hitam', 'Jantan', '2017-12-05 21:51:57'),
(329, 'Rara', 4, 'Cheetoh', 'Hitam', 'Jantan', '2017-12-05 21:51:57'),
(330, 'Joyo', 4, 'California Sprangled', 'Kuning', 'Jantan', '2017-12-05 21:51:57'),
(331, 'dito', 4, '', 'Kuning', 'Jantan', '2017-12-05 21:51:57'),
(332, 'Nonon', 4, 'American Ringtail', 'Hitam', 'Jantan', '2017-12-05 21:51:57'),
(333, 'Ones', 4, 'Abyssinian', 'Hitam', 'Betina', '2017-12-05 21:51:57'),
(334, 'Ones', 4, 'American Ringtail', 'Hitam', 'Jantan', '2017-12-05 21:51:57'),
(335, 'Nonon', 4, 'American Curl', 'Kuning', 'Betina', '2017-12-05 21:51:57'),
(336, 'Maya', 4, 'Abyssinian', '1', 'Betina', '2017-12-05 21:51:57'),
(337, 'Ones', 4, 'American Curl', 'Hitam', 'Jantan', '2017-12-05 21:51:57'),
(338, 'dono', 6, 'Domestik', 'Kuning', 'Jantan', '2017-12-05 21:51:57'),
(339, 'Pajar', 3, 'Domestik', 'Hitam', 'Jantan', '2017-12-05 21:51:57'),
(340, 'Monmon', 3, 'Japanese Bobtail', 'Kuning Putih', '', '2017-12-05 21:51:57'),
(341, 'Limbo', 4, 'Domestik', 'Hitam', 'Jantan', '2017-12-05 21:51:57'),
(342, 'Limba', 4, 'British Shorthair', 'Abu-abu', 'Jantan', '2017-12-05 21:51:57'),
(343, 'Limbi', 8, 'Domestik', 'Hitam Putih', 'Jantan', '2017-12-05 21:51:57'),
(344, 'Limbi', 3, 'Domestik', 'Kuning', 'Jantan', '2017-12-05 21:51:57'),
(345, 'Jonathan', 5, 'Domestik', 'Kuning', 'Jantan', '2017-12-05 21:51:57'),
(346, 'Limba', 9, 'Persia', 'Hitam Kuning', 'Jantan', '2017-12-05 21:51:57'),
(347, 'Limbu', 8, 'Domestik', 'Hitam', 'Jantan', '2017-12-05 21:51:57'),
(348, 'Bondan', 5, 'Domestik', 'Hitam', 'Jantan', '2017-12-05 21:51:57'),
(349, 'Lombi', 5, 'Domestik', 'Hitam', 'Jantan', '2017-12-05 21:51:57'),
(350, 'Kucinx', 4, 'Domestik', 'Hitam', 'Jantan', '2017-12-05 21:51:57'),
(351, 'Ponco', 3, 'Domestik', 'Kuning', 'Jantan', '2017-12-05 21:51:57'),
(352, 'Marduk', 6, 'Persia', 'Hitam', 'Betina', '2017-12-05 21:51:57'),
(353, 'Romo', 4, 'Persia', 'Kuning', 'Jantan', '2017-12-05 21:51:57'),
(354, 'Noryang', 5, 'Domestik', 'Hitam', '', '2017-12-05 21:51:57'),
(355, 'Morok', 4, 'Persia', 'Putih', 'Jantan', '2017-12-05 21:51:57'),
(356, 'Morok', 4, 'Persia', 'Putih', 'Jantan', '2017-12-05 21:51:57'),
(357, 'Moii', 6, 'American Ringtail', 'Hitam Kuning Putih', 'Jantan', '2017-12-05 21:51:57'),
(358, 'm', 2, 'American Curl', 'q', 'Jantan', '2017-12-05 21:51:57'),
(359, 'Soul Sister', 3, 'Domestik', 'Hitam', 'Jantan', '2017-12-05 21:51:57'),
(360, 'Bad Day', 4, 'American Ringtail', 'Hitam', 'Betina', '2017-12-05 21:51:57'),
(361, 'Paulo', 7, 'Scottish Fold', 'Hitam Putih', 'Jantan', '2017-12-05 21:51:57'),
(362, 'Mondy', 4, 'Devon Rex', 'Hitam', 'Jantan', '2017-12-05 21:51:57'),
(363, 'Johny', 4, 'Domestik', 'Hitam', 'Jantan', '2017-12-05 21:51:57'),
(364, 'Johny', 4, 'Domestik', 'Hitam', 'Jantan', '2017-12-05 21:51:57'),
(365, 'Ones', 4, 'American Curl', 'Hitam', 'Jantan', '2017-12-05 21:51:57'),
(366, 'Ones', 4, 'American Curl', 'Hitam', 'Jantan', '2017-12-05 21:51:57'),
(367, 'Ones', 4, 'American Curl', 'Hitam', 'Jantan', '2017-12-05 21:51:57'),
(368, '', 0, '', '', '', '2017-12-05 21:51:57'),
(369, '', 0, '', '', '', '2017-12-05 21:51:57'),
(370, '', 0, '', '', '', '2017-12-05 21:51:57'),
(371, '', 0, '', '', '', '2017-12-05 21:51:57'),
(372, '', 0, '', '', '', '2017-12-05 21:51:57'),
(373, '', 0, '', '', '', '2017-12-05 21:51:57'),
(374, '', 0, '', '', '', '2017-12-05 21:51:57'),
(375, '', 0, '', '', '', '2017-12-05 21:51:57'),
(376, '', 0, '', '', '', '2017-12-05 21:51:57'),
(377, '', 0, '', '', '', '2017-12-05 21:51:57'),
(378, '', 0, '', '', '', '2017-12-05 21:51:57'),
(379, '', 0, '', '', '', '2017-12-05 21:51:57'),
(380, '', 0, '', '', '', '2017-12-05 21:51:57'),
(381, '', 0, '', '', '', '2017-12-05 21:51:57'),
(382, '', 0, '', '', '', '2017-12-05 21:51:57'),
(383, 'Ones', 4, 'American Curl', 'Hitam', 'Betina', '2017-12-05 21:51:57'),
(384, 'Ones', 4, 'Abyssinian', 'Hitam', 'Betina', '2017-12-05 21:51:57'),
(385, 'Dores', 3, 'Turkish Anggora', 'Kuning', 'Jantan', '2017-12-05 21:51:57'),
(386, '', 0, '', '', '', '2017-12-05 21:51:57'),
(387, 'polo', 4, 'Domestik', 'hitam', 'Jantan', '2017-12-05 21:51:57'),
(388, 'do', 4, 'Domestik', 'kuning', 'Jantan', '2017-12-05 21:51:57'),
(389, 'popo', 4, 'Domestik', 'kuning', 'Jantan', '2017-12-05 21:51:57'),
(390, 'Uma', 4, 'Domestik', 'hitam', 'Jantan', '2017-12-05 21:51:57'),
(391, 'Uma', 4, 'Domestik', 'hitam', 'Jantan', '2017-12-05 21:51:57'),
(392, 'Uma', 4, 'Domestik', 'hitam', 'Jantan', '2017-12-05 21:51:57'),
(393, 'Uma', 4, 'Domestik', 'hitam', 'Jantan', '2017-12-05 21:51:57'),
(394, 'Pedro', 4, 'Domestik', 'Hitam', 'Jantan', '2017-12-05 21:51:57'),
(395, 'Baba', 4, 'Domestik', 'hitam', 'Jantan', '2017-12-05 21:51:57'),
(396, 'Pedor', 5, 'Domestik', 'Hijau', 'Jantan', '2017-12-05 21:51:57'),
(397, '123', 123, 'American Curl', '132', 'Jantan', '2017-12-05 21:51:57'),
(398, 'erwin', 12, 'American Curl', '123', 'Jantan', '2017-12-05 21:51:57'),
(399, 'meong', 1, 'American Curl', 'putih', 'Jantan', '2017-12-05 21:51:57'),
(400, 'asdf', 123, '', '132', 'Betina', '2017-12-05 21:51:57'),
(401, 'kucing 1', 10, 'jantan', 'hitam', '', '2017-12-05 21:51:57'),
(402, 'meong', 10, 'jantan', 'hitam', '', '2017-12-05 21:51:57'),
(403, 'meong', 10, 'jantan', 'hitam', '', '2017-12-05 21:51:57'),
(404, 'meong', 10, 'jantan', 'hitam', '', '2017-12-05 21:51:57'),
(405, 'meong', 10, 'jantan', 'hitam', '', '2017-12-05 21:51:57'),
(406, 'meong', 10, 'jantan', 'hitam', '', '2017-12-05 21:51:57'),
(407, 'meong', 10, 'jantan', 'hitam', '', '2017-12-05 21:51:57'),
(408, 'meong', 10, 'jantan', 'hitam', '', '2017-12-05 21:51:57'),
(409, 'meong', 10, 'jantan', 'hitam', '', '2017-12-05 21:51:57'),
(410, 'meong', 10, 'jantan', 'hitam', '', '2017-12-05 21:51:57'),
(411, 'meong', 10, 'jantan', 'hitam', '', '2017-12-05 21:51:57'),
(412, 'meong', 10, 'jantan', 'hitam', '', '2017-12-05 21:51:57'),
(413, 'meong', 10, 'jantan', 'hitam', '', '2017-12-05 21:51:57'),
(414, 'meong', 10, 'jantan', 'hitam', '', '2017-12-05 21:51:57'),
(415, 'meong', 10, 'jantan', 'hitam', '', '2017-12-05 21:51:57'),
(416, 'meong', 10, 'jantan', 'hitam', '', '2017-12-05 21:51:57'),
(417, 'meong', 10, 'jantan', 'hitam', '', '2017-12-05 21:51:57'),
(418, 'meong', 10, 'jantan', 'hitam', '', '2017-12-05 21:51:57'),
(419, 'meong', 10, 'jantan', 'hitam', '', '2017-12-05 21:51:57'),
(420, 'meong', 10, 'jantan', 'hitam', '', '2017-12-05 21:51:57'),
(421, 'meong', 10, 'jantan', 'hitam', '', '2017-12-05 21:51:57'),
(422, 'meong', 10, 'jantan', 'hitam', '', '2017-12-05 21:51:57'),
(423, 'meong', 10, 'jantan', 'hitam', '', '2017-12-05 21:51:57'),
(424, 'meong', 10, 'jantan', 'hitam', '', '2017-12-05 21:51:57'),
(425, 'meong', 10, 'jantan', 'hitam', '', '2017-12-05 21:51:57'),
(426, 'meong', 10, 'jantan', 'hitam', '', '2017-12-05 21:51:57'),
(427, 'meong', 10, 'jantan', 'hitam', '', '2017-12-05 21:51:57'),
(428, 'meong', 10, 'jantan', 'hitam', '', '2017-12-05 21:51:57'),
(429, 'meong', 10, 'jantan', 'hitam', '', '2017-12-05 21:51:57'),
(430, 'meong', 10, 'jantan', 'hitam', '', '2017-12-05 21:51:57'),
(431, 'meong', 10, 'jantan', 'hitam', '', '2017-12-05 21:51:57'),
(432, 'meong', 10, 'jantan', 'hitam', '', '2017-12-05 21:51:57'),
(433, 'meong', 10, 'jantan', 'hitam', '', '2017-12-05 21:51:57'),
(434, 'meong', 10, 'jantan', 'hitam', '', '2017-12-05 21:51:57'),
(435, 'bleki', 10, 'Ashera', 'hitam', 'jantan', '2017-12-05 21:51:57'),
(436, 'bleki', 10, 'Ashera', 'hitam', 'jantan', '2017-12-05 21:51:57'),
(437, 'bleki', 10, 'Abyssinian', 'hitam', 'jantan', '2017-12-05 21:51:57'),
(438, 'bleki', 123, 'Abyssinian', '123', 'jantan', '2017-12-05 21:51:57'),
(439, 'Bleki', 10, 'Ashera', 'hitam', 'jantan', '2017-12-05 21:51:57');

-- --------------------------------------------------------

--
-- Struktur dari tabel `gejala`
--

CREATE TABLE `gejala` (
  `id_gejala` int(11) NOT NULL,
  `id_gejala_umum` int(11) NOT NULL,
  `urutan` int(11) NOT NULL,
  `nama_gejala` text NOT NULL,
  `daftar_pertanyaan` text NOT NULL,
  `is_umum` int(11) NOT NULL
) ENGINE=InnoDB DEFAULT CHARSET=latin1;

--
-- Dumping data untuk tabel `gejala`
--

INSERT INTO `gejala` (`id_gejala`, `id_gejala_umum`, `urutan`, `nama_gejala`, `daftar_pertanyaan`, `is_umum`) VALUES
(1, 1, 1, 'Demam', 'Apakah kucing anda mengalami demam?', 0),
(2, 1, 2, 'Ada Radang Gusi', 'Apakah kucing anda mengalami radang gusi?', 0),
(3, 1, 3, 'Selaput pada Mata', 'Adakah selaput mata pada mata kucing anda?', 0),
(5, 2, 1, 'Muntah Kuning', 'Apakah kucing anda mengalami muntah yang berwarna kuning?', 0),
(6, 2, 2, 'Mencret berwarna kuning, terkadang ada darah, dan berbau', 'Apakah kucing anda mengalami mencret yang berwarna kuning, terkadang ada darahnya, dan bau?', 0),
(7, 2, 3, 'Bulu Kusam', 'Apakah bulu kucing anda kusam?', 0),
(8, 2, 4, 'Mencret berair', 'Apakah kucing anda mengalami mencret berair?', 0),
(9, 2, 5, 'Terdapat cacing pada kotoran', 'Apakah kotoran kucing anda terdapat cacing?', 0),
(10, 2, 6, 'Abortus', 'Apakah kucing anda mengalami abortus?', 0),
(11, 2, 7, 'Mencret berdarah', 'Apakah kucing anda mengalami mencret berdarah?', 0),
(12, 2, 8, 'Malnutrisi', 'Apakah kucing anda mengalami malnutrisi?', 0),
(13, 2, 9, 'Dehidrasi', 'Apakah kucing anda mengalami dehidrasi?', 0),
(14, 2, 10, 'Anemia', 'Apakah kucing anda mengalami anemia?', 0),
(15, 2, 11, 'Tubuh Lemah', 'Apakah kucing anda lemas?', 0),
(16, 2, 12, 'Mencret Berdarah dan Berlendir', 'Apakah kotoran kucing anda mencret dan berlendir?', 0),
(17, 3, 1, 'Bentuk luka bulat, bagian pinggirnya berwarna merah dan bagian tengahnya berwarna putih', 'Apakah kucing anda memiliki luka berbentuk bulat, pada bagian sisinya berwarna merah dan bagian tengahnya berwarna putih?', 0),
(18, 3, 2, 'Ada keropeng di daerah kepala atau leher', 'Apakah kucing anda memiliki keropeng di daerah kepala atau leher?', 0),
(19, 3, 3, 'Sering Menggaruk di Bagian Punggung', 'Apakah kucing anda sering menggaruk di bagian punggung?', 0),
(20, 3, 4, 'Menggaruk hingga menimbulkan luka borok di bagian telinga', 'Apakah kucing anda sering menggaruk di bagian telinga hingga menimbulkan borok?', 0),
(21, 1, 1, 'Sesak Nafas', 'Apakah kucing anda mengalami sesak nafas?', 1),
(22, 1, 2, 'Hidung Berlendir', 'Apakah kucing anda berlendir?', 1),
(23, 2, 1, 'Tidak mau makan', 'Apakah kucing anda tidak mau makan?', 1),
(24, 2, 2, 'Muntah', 'Apakah kucing anda muntah-muntah?', 1),
(25, 2, 3, 'Mencret', 'Apakah kucing anda mencret?', 1),
(26, 3, 1, 'Bulu rontok', 'Apakah bulu kucing anda rontok?', 1),
(27, 3, 2, 'Menggaruk', 'Apakah kucing anda sering menggaruk secara berlebihan?', 1),
(28, 1, 4, 'Kesulitan Mengunyah / Menelan', 'Apakah kucing anda mengalami kesulitan mengunyah / menelan?', 0);

-- --------------------------------------------------------

--
-- Struktur dari tabel `gejala_umum`
--

CREATE TABLE `gejala_umum` (
  `id_gejala_umum` int(11) NOT NULL,
  `klasifikasi` varchar(25) NOT NULL,
  `gejala_umum` text NOT NULL,
  `daftar_pertanyaan` text NOT NULL
) ENGINE=InnoDB DEFAULT CHARSET=latin1;

--
-- Dumping data untuk tabel `gejala_umum`
--

INSERT INTO `gejala_umum` (`id_gejala_umum`, `klasifikasi`, `gejala_umum`, `daftar_pertanyaan`) VALUES
(1, 'Sistem Pernafasan', 'Sesak Nafas & Berlendir', 'Apakah kucing anda mengalami sesak nafas & berlendir?'),
(2, 'Sistem Pencernaan', 'Tidak mau makan, muntah, dan mencret', 'Apakah kucing anda tidak mau makan, muntah dan mencret?'),
(3, 'Sistem Kulit', 'Bulu rontok dan sering menggaruk', 'Apakah kucing anda mengalami bulu rontok dan sering menggaruk?');

-- --------------------------------------------------------

--
-- Struktur dari tabel `nilai`
--

CREATE TABLE `nilai` (
  `id_nilai` int(11) NOT NULL,
  `id_kucing` int(11) NOT NULL,
  `id_gejala` int(11) NOT NULL,
  `id_periksa` int(11) NOT NULL,
  `id_kucing_baru` varchar(10) NOT NULL,
  `nilai` int(11) NOT NULL
) ENGINE=InnoDB DEFAULT CHARSET=latin1;

-- --------------------------------------------------------

--
-- Struktur dari tabel `penyakit`
--

CREATE TABLE `penyakit` (
  `id_pernyakit` int(11) NOT NULL,
  `nama_penyakit` text NOT NULL
) ENGINE=InnoDB DEFAULT CHARSET=latin1;

--
-- Dumping data untuk tabel `penyakit`
--

INSERT INTO `penyakit` (`id_pernyakit`, `nama_penyakit`) VALUES
(1, 'Feline Viral Rhinotracheitis'),
(2, 'Feline Calicivirus'),
(3, 'Feline Chlamydiasis'),
(4, 'Feline Panleukopenia'),
(5, 'Cacingan'),
(6, 'Enteritis '),
(10, 'Ringworm'),
(11, 'Scabies'),
(12, 'Dermatitik'),
(13, 'Ear Mite'),
(14, 'Penyakit 1');

-- --------------------------------------------------------

--
-- Struktur dari tabel `perhitungan_sementara`
--

CREATE TABLE `perhitungan_sementara` (
  `id_hitung` int(11) NOT NULL,
  `id_kucing` int(11) NOT NULL,
  `id_gejala` int(11) NOT NULL,
  `nilai_sementara` int(11) NOT NULL
) ENGINE=InnoDB DEFAULT CHARSET=latin1;

--
-- Dumping data untuk tabel `perhitungan_sementara`
--

INSERT INTO `perhitungan_sementara` (`id_hitung`, `id_kucing`, `id_gejala`, `nilai_sementara`) VALUES
(1, 383, 1, 0),
(2, 383, 2, 0),
(3, 383, 3, 0),
(4, 383, 5, 0),
(5, 383, 6, 0),
(6, 383, 8, 0),
(7, 383, 9, 0),
(8, 383, 10, 0),
(9, 383, 11, 0),
(10, 383, 12, 0),
(11, 383, 13, 0),
(12, 383, 14, 0),
(13, 383, 15, 0),
(14, 383, 16, 0),
(15, 383, 17, 0),
(16, 383, 18, 0),
(17, 383, 19, 0),
(18, 383, 20, 0),
(19, 383, 21, 0),
(20, 383, 22, 0),
(21, 383, 23, 0),
(22, 383, 24, 0),
(23, 383, 25, 0),
(24, 383, 26, 0),
(25, 383, 27, 0),
(26, 383, 28, 0),
(27, 383, 1, 0),
(28, 383, 2, 0),
(29, 383, 3, 0),
(30, 383, 5, 0),
(31, 383, 6, 0),
(32, 383, 8, 0),
(33, 383, 9, 0),
(34, 383, 10, 1),
(35, 383, 11, 0),
(36, 383, 12, 0),
(37, 383, 13, 0),
(38, 383, 14, 0),
(39, 383, 15, 0),
(40, 383, 16, 0),
(41, 383, 17, 0),
(42, 383, 18, 1),
(43, 383, 19, 0),
(44, 383, 20, 0),
(45, 383, 21, 0),
(46, 383, 22, 0),
(47, 383, 23, 0),
(48, 383, 24, 1),
(49, 383, 25, 0),
(50, 383, 26, 0),
(51, 383, 27, 0),
(52, 383, 28, 0),
(53, 384, 1, 0),
(54, 384, 2, 0),
(55, 384, 3, 0),
(56, 384, 5, 0),
(57, 384, 6, 0),
(58, 384, 8, 0),
(59, 384, 9, 0),
(60, 384, 10, 0),
(61, 384, 11, 0),
(62, 384, 12, 0),
(63, 384, 13, 0),
(64, 384, 14, 0),
(65, 384, 15, 0),
(66, 384, 16, 0),
(67, 384, 17, 0),
(68, 384, 18, 0),
(69, 384, 19, 0),
(70, 384, 20, 0),
(71, 384, 21, 0),
(72, 384, 22, 0),
(73, 384, 23, 1),
(74, 384, 24, 1),
(75, 384, 25, 1),
(76, 384, 26, 0),
(77, 384, 27, 0),
(78, 384, 28, 0),
(79, 385, 1, 0),
(80, 385, 2, 0),
(81, 385, 3, 0),
(82, 385, 28, 0),
(83, 385, 21, 0),
(84, 385, 22, 0),
(85, 385, 5, 0),
(86, 385, 6, 0),
(87, 385, 8, 0),
(88, 385, 9, 0),
(89, 385, 10, 0),
(90, 385, 11, 0),
(91, 385, 12, 0),
(92, 385, 13, 0),
(93, 385, 14, 0),
(94, 385, 15, 0),
(95, 385, 16, 0),
(96, 385, 23, 1),
(97, 385, 24, 0),
(98, 385, 25, 0),
(99, 385, 17, 0),
(100, 385, 18, 0),
(101, 385, 19, 0),
(102, 385, 20, 1),
(103, 385, 26, 0),
(104, 385, 27, 1),
(105, 1, 1, 0),
(106, 1, 2, 0),
(107, 1, 3, 0),
(108, 1, 28, 1),
(109, 1, 21, 0),
(110, 1, 22, 0),
(111, 1, 5, 0),
(112, 1, 6, 0),
(113, 1, 8, 0),
(114, 1, 9, 0),
(115, 1, 10, 0),
(116, 1, 11, 0),
(117, 1, 12, 0),
(118, 1, 13, 0),
(119, 1, 14, 0),
(120, 1, 15, 0),
(121, 1, 16, 0),
(122, 1, 23, 0),
(123, 1, 24, 1),
(124, 1, 25, 0),
(125, 1, 17, 0),
(126, 1, 18, 1),
(127, 1, 19, 0),
(128, 1, 20, 0),
(129, 1, 26, 0),
(130, 1, 27, 0),
(131, 2, 1, 1),
(132, 2, 2, 0),
(133, 2, 3, 0),
(134, 2, 28, 1),
(135, 2, 21, 0),
(136, 2, 22, 0),
(137, 2, 5, 0),
(138, 2, 6, 0),
(139, 2, 8, 0),
(140, 2, 9, 0),
(141, 2, 10, 0),
(142, 2, 11, 0),
(143, 2, 12, 0),
(144, 2, 13, 0),
(145, 2, 14, 0),
(146, 2, 15, 0),
(147, 2, 16, 0),
(148, 2, 23, 1),
(149, 2, 24, 1),
(150, 2, 25, 0),
(151, 2, 17, 0),
(152, 2, 18, 0),
(153, 2, 19, 0),
(154, 2, 20, 0),
(155, 2, 26, 0),
(156, 2, 27, 0),
(157, 3, 1, 0),
(158, 3, 2, 0),
(159, 3, 3, 0),
(160, 3, 28, 1),
(161, 3, 21, 1),
(162, 3, 22, 0),
(163, 3, 5, 0),
(164, 3, 6, 0),
(165, 3, 8, 0),
(166, 3, 9, 0),
(167, 3, 10, 0),
(168, 3, 11, 0),
(169, 3, 12, 0),
(170, 3, 13, 0),
(171, 3, 14, 0),
(172, 3, 15, 0),
(173, 3, 16, 0),
(174, 3, 23, 1),
(175, 3, 24, 0),
(176, 3, 25, 0),
(177, 3, 17, 0),
(178, 3, 18, 0),
(179, 3, 19, 0),
(180, 3, 20, 0),
(181, 3, 26, 0),
(182, 3, 27, 0),
(183, 4, 1, 0),
(184, 4, 2, 0),
(185, 4, 3, 0),
(186, 4, 28, 0),
(187, 4, 21, 0),
(188, 4, 22, 1),
(189, 4, 5, 0),
(190, 4, 6, 0),
(191, 4, 8, 0),
(192, 4, 9, 0),
(193, 4, 10, 0),
(194, 4, 11, 0),
(195, 4, 12, 0),
(196, 4, 13, 0),
(197, 4, 14, 0),
(198, 4, 15, 0),
(199, 4, 16, 0),
(200, 4, 23, 1),
(201, 4, 24, 0),
(202, 4, 25, 0),
(203, 4, 17, 0),
(204, 4, 18, 1),
(205, 4, 19, 0),
(206, 4, 20, 0),
(207, 4, 26, 0),
(208, 4, 27, 0),
(209, 5, 1, 0),
(210, 5, 2, 0),
(211, 5, 3, 0),
(212, 5, 28, 0),
(213, 5, 21, 0),
(214, 5, 22, 0),
(215, 5, 5, 0),
(216, 5, 6, 0),
(217, 5, 8, 0),
(218, 5, 9, 0),
(219, 5, 10, 0),
(220, 5, 11, 0),
(221, 5, 12, 0),
(222, 5, 13, 0),
(223, 5, 14, 0),
(224, 5, 15, 0),
(225, 5, 16, 0),
(226, 5, 23, 0),
(227, 5, 24, 0),
(228, 5, 25, 0),
(229, 5, 17, 0),
(230, 5, 18, 1),
(231, 5, 19, 1),
(232, 5, 20, 0),
(233, 5, 26, 1),
(234, 5, 27, 1),
(235, 7, 1, 0),
(236, 7, 2, 0),
(237, 7, 3, 0),
(238, 7, 28, 0),
(239, 7, 21, 0),
(240, 7, 22, 0),
(241, 7, 5, 0),
(242, 7, 6, 0),
(243, 7, 8, 0),
(244, 7, 9, 0),
(245, 7, 10, 0),
(246, 7, 11, 0),
(247, 7, 12, 0),
(248, 7, 13, 0),
(249, 7, 14, 0),
(250, 7, 15, 0),
(251, 7, 16, 0),
(252, 7, 23, 1),
(253, 7, 24, 1),
(254, 7, 25, 1),
(255, 7, 17, 0),
(256, 7, 18, 0),
(257, 7, 19, 0),
(258, 7, 20, 0),
(259, 7, 26, 0),
(260, 7, 27, 0),
(261, 8, 1, 0),
(262, 8, 2, 0),
(263, 8, 3, 0),
(264, 8, 28, 0),
(265, 8, 21, 0),
(266, 8, 22, 0),
(267, 8, 5, 0),
(268, 8, 6, 0),
(269, 8, 8, 0),
(270, 8, 9, 0),
(271, 8, 10, 0),
(272, 8, 11, 0),
(273, 8, 12, 0),
(274, 8, 13, 0),
(275, 8, 14, 0),
(276, 8, 15, 0),
(277, 8, 16, 0),
(278, 8, 23, 0),
(279, 8, 24, 0),
(280, 8, 25, 0),
(281, 8, 17, 0),
(282, 8, 18, 1),
(283, 8, 19, 0),
(284, 8, 20, 1),
(285, 8, 26, 0),
(286, 8, 27, 1),
(287, 9, 1, 0),
(288, 9, 2, 0),
(289, 9, 3, 0),
(290, 9, 28, 1),
(291, 9, 21, 0),
(292, 9, 22, 0),
(293, 9, 5, 0),
(294, 9, 6, 0),
(295, 9, 8, 0),
(296, 9, 9, 0),
(297, 9, 10, 0),
(298, 9, 11, 0),
(299, 9, 12, 0),
(300, 9, 13, 0),
(301, 9, 14, 0),
(302, 9, 15, 1),
(303, 9, 16, 0),
(304, 9, 23, 1),
(305, 9, 24, 0),
(306, 9, 25, 0),
(307, 9, 17, 0),
(308, 9, 18, 0),
(309, 9, 19, 0),
(310, 9, 20, 0),
(311, 9, 26, 0),
(312, 9, 27, 0),
(313, 11, 1, 0),
(314, 11, 2, 0),
(315, 11, 3, 0),
(316, 11, 28, 0),
(317, 11, 21, 0),
(318, 11, 22, 1),
(319, 11, 5, 0),
(320, 11, 6, 0),
(321, 11, 8, 0),
(322, 11, 9, 0),
(323, 11, 10, 0),
(324, 11, 11, 0),
(325, 11, 12, 0),
(326, 11, 13, 0),
(327, 11, 14, 0),
(328, 11, 15, 0),
(329, 11, 16, 0),
(330, 11, 23, 0),
(331, 11, 24, 0),
(332, 11, 25, 0),
(333, 11, 17, 0),
(334, 11, 18, 1),
(335, 11, 19, 0),
(336, 11, 20, 0),
(337, 11, 26, 1),
(338, 11, 27, 0),
(339, 12, 1, 0),
(340, 12, 2, 0),
(341, 12, 3, 0),
(342, 12, 28, 1),
(343, 12, 21, 0),
(344, 12, 22, 1),
(345, 12, 5, 0),
(346, 12, 6, 0),
(347, 12, 8, 0),
(348, 12, 9, 0),
(349, 12, 10, 0),
(350, 12, 11, 0),
(351, 12, 12, 0),
(352, 12, 13, 0),
(353, 12, 14, 0),
(354, 12, 15, 0),
(355, 12, 16, 0),
(356, 12, 23, 0),
(357, 12, 24, 1),
(358, 12, 25, 0),
(359, 12, 17, 0),
(360, 12, 18, 0),
(361, 12, 19, 0),
(362, 12, 20, 0),
(363, 12, 26, 0),
(364, 12, 27, 0),
(365, 13, 1, 0),
(366, 13, 2, 0),
(367, 13, 3, 1),
(368, 13, 28, 1),
(369, 13, 21, 0),
(370, 13, 22, 1),
(371, 13, 5, 0),
(372, 13, 6, 0),
(373, 13, 8, 0),
(374, 13, 9, 0),
(375, 13, 10, 0),
(376, 13, 11, 0),
(377, 13, 12, 0),
(378, 13, 13, 0),
(379, 13, 14, 0),
(380, 13, 15, 0),
(381, 13, 16, 0),
(382, 13, 23, 0),
(383, 13, 24, 0),
(384, 13, 25, 0),
(385, 13, 17, 0),
(386, 13, 18, 0),
(387, 13, 19, 0),
(388, 13, 20, 0),
(389, 13, 26, 0),
(390, 13, 27, 0),
(391, 14, 1, 0),
(392, 14, 2, 0),
(393, 14, 3, 0),
(394, 14, 28, 1),
(395, 14, 21, 0),
(396, 14, 22, 0),
(397, 14, 5, 0),
(398, 14, 6, 0),
(399, 14, 8, 0),
(400, 14, 9, 0),
(401, 14, 10, 0),
(402, 14, 11, 0),
(403, 14, 12, 0),
(404, 14, 13, 0),
(405, 14, 14, 0),
(406, 14, 15, 0),
(407, 14, 16, 0),
(408, 14, 23, 1),
(409, 14, 24, 1),
(410, 14, 25, 0),
(411, 14, 17, 0),
(412, 14, 18, 0),
(413, 14, 19, 0),
(414, 14, 20, 0),
(415, 14, 26, 0),
(416, 14, 27, 0),
(417, 15, 1, 1),
(418, 15, 2, 0),
(419, 15, 3, 0),
(420, 15, 28, 0),
(421, 15, 21, 0),
(422, 15, 22, 1),
(423, 15, 5, 0),
(424, 15, 6, 0),
(425, 15, 8, 0),
(426, 15, 9, 0),
(427, 15, 10, 0),
(428, 15, 11, 0),
(429, 15, 12, 0),
(430, 15, 13, 0),
(431, 15, 14, 0),
(432, 15, 15, 0),
(433, 15, 16, 0),
(434, 15, 23, 1),
(435, 15, 24, 0),
(436, 15, 25, 0),
(437, 15, 17, 0),
(438, 15, 18, 0),
(439, 15, 19, 0),
(440, 15, 20, 0),
(441, 15, 26, 0),
(442, 15, 27, 0),
(443, 17, 1, 0),
(444, 17, 2, 0),
(445, 17, 3, 0),
(446, 17, 28, 0),
(447, 17, 21, 0),
(448, 17, 22, 0),
(449, 17, 5, 0),
(450, 17, 6, 0),
(451, 17, 8, 0),
(452, 17, 9, 0),
(453, 17, 10, 0),
(454, 17, 11, 0),
(455, 17, 12, 0),
(456, 17, 13, 0),
(457, 17, 14, 0),
(458, 17, 15, 0),
(459, 17, 16, 0),
(460, 17, 23, 1),
(461, 17, 24, 0),
(462, 17, 25, 0),
(463, 17, 17, 0),
(464, 17, 18, 0),
(465, 17, 19, 0),
(466, 17, 20, 0),
(467, 17, 26, 1),
(468, 17, 27, 1),
(469, 18, 1, 0),
(470, 18, 2, 0),
(471, 18, 3, 0),
(472, 18, 28, 0),
(473, 18, 21, 0),
(474, 18, 22, 0),
(475, 18, 5, 0),
(476, 18, 6, 0),
(477, 18, 8, 0),
(478, 18, 9, 0),
(479, 18, 10, 0),
(480, 18, 11, 0),
(481, 18, 12, 0),
(482, 18, 13, 0),
(483, 18, 14, 0),
(484, 18, 15, 0),
(485, 18, 16, 0),
(486, 18, 23, 0),
(487, 18, 24, 0),
(488, 18, 25, 0),
(489, 18, 17, 0),
(490, 18, 18, 0),
(491, 18, 19, 1),
(492, 18, 20, 0),
(493, 18, 26, 1),
(494, 18, 27, 1),
(495, 19, 1, 0),
(496, 19, 2, 0),
(497, 19, 3, 0),
(498, 19, 28, 1),
(499, 19, 21, 0),
(500, 19, 22, 0),
(501, 19, 5, 0),
(502, 19, 6, 0),
(503, 19, 8, 0),
(504, 19, 9, 0),
(505, 19, 10, 0),
(506, 19, 11, 0),
(507, 19, 12, 0),
(508, 19, 13, 0),
(509, 19, 14, 0),
(510, 19, 15, 1),
(511, 19, 16, 0),
(512, 19, 23, 0),
(513, 19, 24, 1),
(514, 19, 25, 0),
(515, 19, 17, 0),
(516, 19, 18, 0),
(517, 19, 19, 0),
(518, 19, 20, 0),
(519, 19, 26, 0),
(520, 19, 27, 0),
(521, 20, 1, 0),
(522, 20, 2, 1),
(523, 20, 3, 0),
(524, 20, 28, 0),
(525, 20, 21, 0),
(526, 20, 22, 0),
(527, 20, 5, 0),
(528, 20, 6, 0),
(529, 20, 8, 0),
(530, 20, 9, 0),
(531, 20, 10, 0),
(532, 20, 11, 0),
(533, 20, 12, 0),
(534, 20, 13, 0),
(535, 20, 14, 0),
(536, 20, 15, 0),
(537, 20, 16, 0),
(538, 20, 23, 0),
(539, 20, 24, 0),
(540, 20, 25, 0),
(541, 20, 17, 0),
(542, 20, 18, 0),
(543, 20, 19, 1),
(544, 20, 20, 0),
(545, 20, 26, 1),
(546, 20, 27, 0),
(547, 21, 1, 0),
(548, 21, 2, 0),
(549, 21, 3, 0),
(550, 21, 28, 0),
(551, 21, 21, 0),
(552, 21, 22, 0),
(553, 21, 5, 0),
(554, 21, 6, 0),
(555, 21, 8, 0),
(556, 21, 9, 0),
(557, 21, 10, 0),
(558, 21, 11, 0),
(559, 21, 12, 0),
(560, 21, 13, 0),
(561, 21, 14, 0),
(562, 21, 15, 0),
(563, 21, 16, 0),
(564, 21, 23, 1),
(565, 21, 24, 1),
(566, 21, 25, 1),
(567, 21, 17, 0),
(568, 21, 18, 0),
(569, 21, 19, 0),
(570, 21, 20, 0),
(571, 21, 26, 0),
(572, 21, 27, 0),
(573, 22, 1, 0),
(574, 22, 2, 0),
(575, 22, 3, 0),
(576, 22, 28, 0),
(577, 22, 21, 1),
(578, 22, 22, 1),
(579, 22, 5, 0),
(580, 22, 6, 0),
(581, 22, 8, 0),
(582, 22, 9, 0),
(583, 22, 10, 0),
(584, 22, 11, 0),
(585, 22, 12, 0),
(586, 22, 13, 0),
(587, 22, 14, 0),
(588, 22, 15, 1),
(589, 22, 16, 0),
(590, 22, 23, 0),
(591, 22, 24, 0),
(592, 22, 25, 0),
(593, 22, 17, 0),
(594, 22, 18, 0),
(595, 22, 19, 0),
(596, 22, 20, 0),
(597, 22, 26, 0),
(598, 22, 27, 0),
(599, 24, 1, 0),
(600, 24, 2, 0),
(601, 24, 3, 0),
(602, 24, 28, 0),
(603, 24, 21, 0),
(604, 24, 22, 0),
(605, 24, 5, 0),
(606, 24, 6, 0),
(607, 24, 8, 0),
(608, 24, 9, 0),
(609, 24, 10, 0),
(610, 24, 11, 0),
(611, 24, 12, 0),
(612, 24, 13, 0),
(613, 24, 14, 0),
(614, 24, 15, 0),
(615, 24, 16, 0),
(616, 24, 23, 0),
(617, 24, 24, 0),
(618, 24, 25, 0),
(619, 24, 17, 0),
(620, 24, 18, 1),
(621, 24, 19, 0),
(622, 24, 20, 1),
(623, 24, 26, 0),
(624, 24, 27, 1),
(625, 387, 1, 1),
(626, 387, 2, 0),
(627, 387, 3, 0),
(628, 387, 28, 0),
(629, 387, 21, 0),
(630, 387, 22, 0),
(631, 387, 5, 0),
(632, 387, 6, 0),
(633, 387, 8, 0),
(634, 387, 9, 0),
(635, 387, 10, 0),
(636, 387, 11, 0),
(637, 387, 12, 0),
(638, 387, 13, 0),
(639, 387, 14, 0),
(640, 387, 15, 0),
(641, 387, 16, 0),
(642, 387, 23, 0),
(643, 387, 24, 0),
(644, 387, 25, 0),
(645, 387, 17, 0),
(646, 387, 18, 0),
(647, 387, 19, 0),
(648, 387, 20, 0),
(649, 387, 26, 0),
(650, 387, 27, 0),
(651, 388, 1, 1),
(652, 388, 2, 0),
(653, 388, 3, 0),
(654, 388, 28, 0),
(655, 388, 21, 1),
(656, 388, 22, 1),
(657, 388, 5, 0),
(658, 388, 6, 0),
(659, 388, 8, 0),
(660, 388, 9, 0),
(661, 388, 10, 0),
(662, 388, 11, 0),
(663, 388, 12, 0),
(664, 388, 13, 0),
(665, 388, 14, 0),
(666, 388, 15, 0),
(667, 388, 16, 0),
(668, 388, 23, 0),
(669, 388, 24, 0),
(670, 388, 25, 0),
(671, 388, 17, 0),
(672, 388, 18, 0),
(673, 388, 19, 0),
(674, 388, 20, 0),
(675, 388, 26, 0),
(676, 388, 27, 0),
(677, 389, 1, 1),
(678, 389, 2, 1),
(679, 389, 3, 0),
(680, 389, 28, 0),
(681, 389, 21, 1),
(682, 389, 22, 1),
(683, 389, 5, 0),
(684, 389, 6, 0),
(685, 389, 8, 0),
(686, 389, 9, 0),
(687, 389, 10, 0),
(688, 389, 11, 0),
(689, 389, 12, 0),
(690, 389, 13, 0),
(691, 389, 14, 0),
(692, 389, 15, 0),
(693, 389, 16, 0),
(694, 389, 23, 0),
(695, 389, 24, 0),
(696, 389, 25, 1),
(697, 389, 17, 1),
(698, 389, 18, 1),
(699, 389, 19, 1),
(700, 389, 20, 1),
(701, 389, 26, 1),
(702, 389, 27, 1),
(703, 390, 1, 1),
(704, 390, 2, 1),
(705, 390, 3, 0),
(706, 390, 28, 1),
(707, 390, 21, 0),
(708, 390, 22, 0),
(709, 390, 5, 0),
(710, 390, 6, 0),
(711, 390, 8, 0),
(712, 390, 9, 0),
(713, 390, 10, 0),
(714, 390, 11, 0),
(715, 390, 12, 0),
(716, 390, 13, 0),
(717, 390, 14, 0),
(718, 390, 15, 0),
(719, 390, 16, 0),
(720, 390, 23, 0),
(721, 390, 24, 0),
(722, 390, 25, 0),
(723, 390, 17, 0),
(724, 390, 18, 0),
(725, 390, 19, 0),
(726, 390, 20, 0),
(727, 390, 26, 0),
(728, 390, 27, 0),
(729, 393, 1, 1),
(730, 393, 2, 1),
(731, 393, 3, 0),
(732, 393, 28, 0),
(733, 393, 21, 1),
(734, 393, 22, 1),
(735, 393, 5, 0),
(736, 393, 6, 0),
(737, 393, 7, 0),
(738, 393, 8, 0),
(739, 393, 9, 0),
(740, 393, 10, 0),
(741, 393, 11, 0),
(742, 393, 12, 0),
(743, 393, 13, 0),
(744, 393, 14, 0),
(745, 393, 15, 0),
(746, 393, 16, 0),
(747, 393, 23, 0),
(748, 393, 24, 0),
(749, 393, 25, 0),
(750, 393, 17, 0),
(751, 393, 18, 0),
(752, 393, 19, 0),
(753, 393, 20, 0),
(754, 393, 26, 0),
(755, 393, 27, 0),
(756, 394, 1, 1),
(757, 394, 2, 1),
(758, 394, 3, 0),
(759, 394, 28, 0),
(760, 394, 21, 1),
(761, 394, 22, 1),
(762, 394, 5, 0),
(763, 394, 6, 0),
(764, 394, 7, 0),
(765, 394, 8, 0),
(766, 394, 9, 0),
(767, 394, 10, 0),
(768, 394, 11, 0),
(769, 394, 12, 0),
(770, 394, 13, 0),
(771, 394, 14, 0),
(772, 394, 15, 0),
(773, 394, 16, 0),
(774, 394, 23, 0),
(775, 394, 24, 0),
(776, 394, 25, 0),
(777, 394, 17, 0),
(778, 394, 18, 0),
(779, 394, 19, 0),
(780, 394, 20, 0),
(781, 394, 26, 0),
(782, 394, 27, 0),
(783, 395, 1, 0),
(784, 395, 2, 0),
(785, 395, 3, 0),
(786, 395, 28, 1),
(787, 395, 21, 0),
(788, 395, 22, 0),
(789, 395, 5, 0),
(790, 395, 6, 0),
(791, 395, 7, 0),
(792, 395, 8, 0),
(793, 395, 9, 0),
(794, 395, 10, 0),
(795, 395, 11, 0),
(796, 395, 12, 0),
(797, 395, 13, 0),
(798, 395, 14, 0),
(799, 395, 15, 0),
(800, 395, 16, 0),
(801, 395, 23, 0),
(802, 395, 24, 1),
(803, 395, 25, 0),
(804, 395, 17, 0),
(805, 395, 18, 1),
(806, 395, 19, 0),
(807, 395, 20, 0),
(808, 395, 26, 0),
(809, 395, 27, 0),
(810, 396, 1, 1),
(811, 396, 2, 1),
(812, 396, 3, 0),
(813, 396, 28, 0),
(814, 396, 21, 0),
(815, 396, 22, 0),
(816, 396, 5, 0),
(817, 396, 6, 0),
(818, 396, 7, 0),
(819, 396, 8, 0),
(820, 396, 9, 0),
(821, 396, 10, 0),
(822, 396, 11, 0),
(823, 396, 12, 0),
(824, 396, 13, 0),
(825, 396, 14, 0),
(826, 396, 15, 1),
(827, 396, 16, 1),
(828, 396, 23, 0),
(829, 396, 24, 0),
(830, 396, 25, 0),
(831, 396, 17, 0),
(832, 396, 18, 0),
(833, 396, 19, 0),
(834, 396, 20, 0),
(835, 396, 26, 0),
(836, 396, 27, 0),
(837, 397, 1, 1),
(838, 397, 2, 1),
(839, 397, 3, 1),
(840, 397, 28, 1),
(841, 397, 21, 1),
(842, 397, 22, 0),
(843, 397, 5, 0),
(844, 397, 6, 0),
(845, 397, 7, 0),
(846, 397, 8, 0),
(847, 397, 9, 0),
(848, 397, 10, 0),
(849, 397, 11, 1),
(850, 397, 12, 1),
(851, 397, 13, 0),
(852, 397, 14, 0),
(853, 397, 15, 0),
(854, 397, 16, 0),
(855, 397, 23, 0),
(856, 397, 24, 0),
(857, 397, 25, 1),
(858, 397, 17, 1),
(859, 397, 18, 0),
(860, 397, 19, 0),
(861, 397, 20, 0),
(862, 397, 26, 0),
(863, 397, 27, 0),
(864, 398, 1, 0),
(865, 398, 2, 0),
(866, 398, 3, 0),
(867, 398, 28, 0),
(868, 398, 21, 1),
(869, 398, 22, 0),
(870, 398, 5, 0),
(871, 398, 6, 0),
(872, 398, 7, 0),
(873, 398, 8, 0),
(874, 398, 9, 0),
(875, 398, 10, 0),
(876, 398, 11, 0),
(877, 398, 12, 0),
(878, 398, 13, 0),
(879, 398, 14, 0),
(880, 398, 15, 0),
(881, 398, 16, 0),
(882, 398, 23, 0),
(883, 398, 24, 0),
(884, 398, 25, 0),
(885, 398, 17, 0),
(886, 398, 18, 0),
(887, 398, 19, 0),
(888, 398, 20, 0),
(889, 398, 26, 0),
(890, 398, 27, 0),
(891, 399, 1, 1),
(892, 399, 2, 1),
(893, 399, 3, 0),
(894, 399, 28, 0),
(895, 399, 21, 0),
(896, 399, 22, 0),
(897, 399, 5, 0),
(898, 399, 6, 1),
(899, 399, 7, 0),
(900, 399, 8, 0),
(901, 399, 9, 0),
(902, 399, 10, 0),
(903, 399, 11, 0),
(904, 399, 12, 0),
(905, 399, 13, 0),
(906, 399, 14, 0),
(907, 399, 15, 0),
(908, 399, 16, 0),
(909, 399, 23, 0),
(910, 399, 24, 0),
(911, 399, 25, 0),
(912, 399, 17, 0),
(913, 399, 18, 0),
(914, 399, 19, 0),
(915, 399, 20, 0),
(916, 399, 26, 0),
(917, 399, 27, 0),
(918, 433, 1, 1),
(919, 433, 2, 1),
(920, 433, 3, 0),
(921, 433, 28, 0),
(922, 433, 21, 0),
(923, 433, 22, 0),
(924, 433, 5, 0),
(925, 433, 6, 0),
(926, 433, 7, 0),
(927, 433, 8, 0),
(928, 433, 9, 0),
(929, 433, 10, 0),
(930, 433, 11, 0),
(931, 433, 12, 0),
(932, 433, 13, 0),
(933, 433, 14, 0),
(934, 433, 15, 0),
(935, 433, 16, 0),
(936, 433, 23, 0),
(937, 433, 24, 0),
(938, 433, 25, 0),
(939, 433, 17, 0),
(940, 433, 18, 0),
(941, 433, 19, 0),
(942, 433, 20, 1),
(943, 433, 26, 1),
(944, 433, 27, 0),
(945, 434, 1, 1),
(946, 434, 2, 1),
(947, 434, 3, 0),
(948, 434, 28, 0),
(949, 434, 21, 0),
(950, 434, 22, 0),
(951, 434, 5, 0),
(952, 434, 6, 0),
(953, 434, 7, 0),
(954, 434, 8, 0),
(955, 434, 9, 0),
(956, 434, 10, 0),
(957, 434, 11, 0),
(958, 434, 12, 0),
(959, 434, 13, 0),
(960, 434, 14, 0),
(961, 434, 15, 0),
(962, 434, 16, 0),
(963, 434, 23, 0),
(964, 434, 24, 0),
(965, 434, 25, 0),
(966, 434, 17, 0),
(967, 434, 18, 0),
(968, 434, 19, 0),
(969, 434, 20, 0),
(970, 434, 26, 0),
(971, 434, 27, 0),
(972, 435, 1, 1),
(973, 435, 2, 1),
(974, 435, 3, 0),
(975, 435, 28, 0),
(976, 435, 21, 0),
(977, 435, 22, 0),
(978, 435, 5, 0),
(979, 435, 6, 0),
(980, 435, 7, 0),
(981, 435, 8, 0),
(982, 435, 9, 0),
(983, 435, 10, 0),
(984, 435, 11, 0),
(985, 435, 12, 0),
(986, 435, 13, 0),
(987, 435, 14, 0),
(988, 435, 15, 0),
(989, 435, 16, 0),
(990, 435, 23, 0),
(991, 435, 24, 0),
(992, 435, 25, 0),
(993, 435, 17, 0),
(994, 435, 18, 0),
(995, 435, 19, 0),
(996, 435, 20, 0),
(997, 435, 26, 0),
(998, 435, 27, 0),
(999, 436, 1, 1),
(1000, 436, 2, 1),
(1001, 436, 3, 0),
(1002, 436, 28, 0),
(1003, 436, 21, 0),
(1004, 436, 22, 0),
(1005, 436, 5, 0),
(1006, 436, 6, 0),
(1007, 436, 7, 0),
(1008, 436, 8, 0),
(1009, 436, 9, 0),
(1010, 436, 10, 0),
(1011, 436, 11, 0),
(1012, 436, 12, 0),
(1013, 436, 13, 0),
(1014, 436, 14, 0),
(1015, 436, 15, 0),
(1016, 436, 16, 0),
(1017, 436, 23, 0),
(1018, 436, 24, 0),
(1019, 436, 25, 0),
(1020, 436, 17, 0),
(1021, 436, 18, 0),
(1022, 436, 19, 0),
(1023, 436, 20, 0),
(1024, 436, 26, 0),
(1025, 436, 27, 0),
(1026, 437, 1, 1),
(1027, 437, 2, 1),
(1028, 437, 3, 0),
(1029, 437, 28, 0),
(1030, 437, 21, 0),
(1031, 437, 22, 0),
(1032, 437, 5, 0),
(1033, 437, 6, 0),
(1034, 437, 7, 0),
(1035, 437, 8, 0),
(1036, 437, 9, 0),
(1037, 437, 10, 0),
(1038, 437, 11, 0),
(1039, 437, 12, 0),
(1040, 437, 13, 0),
(1041, 437, 14, 0),
(1042, 437, 15, 0),
(1043, 437, 16, 0),
(1044, 437, 23, 0),
(1045, 437, 24, 0),
(1046, 437, 25, 0),
(1047, 437, 17, 0),
(1048, 437, 18, 0),
(1049, 437, 19, 0),
(1050, 437, 20, 0),
(1051, 437, 26, 0),
(1052, 437, 27, 0),
(1053, 438, 1, 1),
(1054, 438, 2, 0),
(1055, 438, 3, 1),
(1056, 438, 28, 0),
(1057, 438, 21, 0),
(1058, 438, 22, 0),
(1059, 438, 5, 0),
(1060, 438, 6, 0),
(1061, 438, 7, 0),
(1062, 438, 8, 0),
(1063, 438, 9, 0),
(1064, 438, 10, 0),
(1065, 438, 11, 0),
(1066, 438, 12, 0),
(1067, 438, 13, 0),
(1068, 438, 14, 0),
(1069, 438, 15, 0),
(1070, 438, 16, 0),
(1071, 438, 23, 0),
(1072, 438, 24, 0),
(1073, 438, 25, 0),
(1074, 438, 17, 0),
(1075, 438, 18, 0),
(1076, 438, 19, 0),
(1077, 438, 20, 0),
(1078, 438, 26, 0),
(1079, 438, 27, 0),
(1080, 439, 1, 1),
(1081, 439, 2, 1),
(1082, 439, 3, 0),
(1083, 439, 28, 0),
(1084, 439, 21, 0),
(1085, 439, 22, 0),
(1086, 439, 5, 0),
(1087, 439, 6, 0),
(1088, 439, 7, 0),
(1089, 439, 8, 0),
(1090, 439, 9, 0),
(1091, 439, 10, 0),
(1092, 439, 11, 0),
(1093, 439, 12, 0),
(1094, 439, 13, 0),
(1095, 439, 14, 0),
(1096, 439, 15, 0),
(1097, 439, 16, 0),
(1098, 439, 23, 0),
(1099, 439, 24, 0),
(1100, 439, 25, 0),
(1101, 439, 17, 0),
(1102, 439, 18, 0),
(1103, 439, 19, 0),
(1104, 439, 20, 0),
(1105, 439, 26, 0),
(1106, 439, 27, 0);

-- --------------------------------------------------------

--
-- Struktur dari tabel `periksa`
--

CREATE TABLE `periksa` (
  `id_periksa` int(11) NOT NULL,
  `id_penyakit` int(11) NOT NULL,
  `no_periksa` int(11) NOT NULL,
  `score` decimal(10,0) NOT NULL
) ENGINE=InnoDB DEFAULT CHARSET=latin1;

-- --------------------------------------------------------

--
-- Struktur dari tabel `ras`
--

CREATE TABLE `ras` (
  `id_ras` int(11) NOT NULL,
  `ras` varchar(100) NOT NULL
) ENGINE=InnoDB DEFAULT CHARSET=latin1;

--
-- Dumping data untuk tabel `ras`
--

INSERT INTO `ras` (`id_ras`, `ras`) VALUES
(1, 'Persia'),
(2, 'Persia Himalayan'),
(3, 'Russian Blue'),
(4, 'Domestik'),
(5, 'Turkish Anggora'),
(6, 'American Shorthair'),
(7, 'Siamese'),
(8, 'Norwegian Forest'),
(9, 'Maine Coon'),
(10, 'Sphynx'),
(11, 'Scottish Fold'),
(12, 'Manx'),
(13, 'Peter Bald'),
(14, 'Savannah'),
(15, 'Bengal'),
(16, 'Ashera'),
(17, 'Toyger'),
(18, 'British Shorthair'),
(19, 'Abyssinian'),
(20, 'Japanese Bobtail'),
(21, 'Egyptian Mau'),
(22, 'Cheetoh'),
(23, 'Ocicat'),
(24, 'California Sprangled'),
(25, 'Sailan'),
(26, 'Chausie'),
(27, 'American Curl'),
(28, 'American Ringtail'),
(29, 'Anatolian'),
(30, 'Aphrodite'),
(31, 'Balinese'),
(32, 'Cornish Rex'),
(33, 'Devon Rex'),
(34, 'Nebelung');

-- --------------------------------------------------------

--
-- Struktur dari tabel `tabel_relasi`
--

CREATE TABLE `tabel_relasi` (
  `id_relasi` int(11) NOT NULL,
  `id_pernyakit` int(11) NOT NULL,
  `id_gejala` int(11) NOT NULL,
  `nilai_cf` float NOT NULL
) ENGINE=InnoDB DEFAULT CHARSET=latin1;

--
-- Dumping data untuk tabel `tabel_relasi`
--

INSERT INTO `tabel_relasi` (`id_relasi`, `id_pernyakit`, `id_gejala`, `nilai_cf`) VALUES
(1, 1, 1, 0.9),
(2, 2, 1, 0.9),
(3, 2, 2, 0.9),
(4, 3, 3, 0.9),
(5, 4, 5, 0.8),
(6, 4, 1, 0.7),
(7, 4, 6, 0.9),
(8, 5, 26, 0.7),
(9, 5, 14, 0.7),
(10, 5, 9, 0.9),
(11, 6, 1, 0.7),
(12, 6, 8, 0.9),
(20, 10, 17, 0.9),
(21, 11, 18, 0.9),
(22, 12, 19, 0.9),
(23, 13, 20, 0.9),
(24, 1, 21, 0.4),
(25, 1, 22, 0.4),
(26, 2, 22, 0.4),
(27, 2, 21, 0.4),
(28, 3, 21, 0.4),
(29, 3, 22, 0.4),
(30, 4, 25, 0.4),
(31, 4, 23, 0.4),
(32, 4, 24, 0.4),
(33, 5, 25, 0.4),
(34, 5, 23, 0.4),
(35, 5, 24, 0.4),
(36, 6, 25, 0.4),
(37, 6, 23, 0.4),
(38, 6, 24, 0.4),
(49, 10, 27, 0.4),
(50, 10, 26, 0.4),
(51, 11, 27, 0.4),
(52, 11, 26, 0.4),
(53, 12, 27, 0.4),
(54, 12, 26, 0.4),
(55, 13, 27, 0.4),
(56, 13, 26, 0.4),
(57, 6, 10, 0.7),
(58, 6, 11, 0.7),
(59, 6, 12, 0.7),
(60, 6, 13, 0.7),
(61, 6, 14, 0.7),
(62, 6, 15, 0.7),
(63, 6, 16, 0.7),
(64, 1, 28, 0.8);

-- --------------------------------------------------------

--
-- Struktur dari tabel `user`
--

CREATE TABLE `user` (
  `id_user` int(11) NOT NULL,
  `username` varchar(30) NOT NULL,
  `password` varchar(20) NOT NULL,
  `role` int(11) NOT NULL
) ENGINE=InnoDB DEFAULT CHARSET=latin1;

--
-- Dumping data untuk tabel `user`
--

INSERT INTO `user` (`id_user`, `username`, `password`, `role`) VALUES
(1, 'admin', '1234', 1),
(5, 'pakar1', 'pakar123', 2);

--
-- Indexes for dumped tables
--

--
-- Indexes for table `data_kucing`
--
ALTER TABLE `data_kucing`
  ADD PRIMARY KEY (`id_kucing`);

--
-- Indexes for table `gejala`
--
ALTER TABLE `gejala`
  ADD PRIMARY KEY (`id_gejala`);

--
-- Indexes for table `gejala_umum`
--
ALTER TABLE `gejala_umum`
  ADD PRIMARY KEY (`id_gejala_umum`);

--
-- Indexes for table `nilai`
--
ALTER TABLE `nilai`
  ADD PRIMARY KEY (`id_nilai`),
  ADD UNIQUE KEY `id_kucing` (`id_kucing`),
  ADD UNIQUE KEY `id_gejala` (`id_gejala`);

--
-- Indexes for table `penyakit`
--
ALTER TABLE `penyakit`
  ADD PRIMARY KEY (`id_pernyakit`);

--
-- Indexes for table `perhitungan_sementara`
--
ALTER TABLE `perhitungan_sementara`
  ADD PRIMARY KEY (`id_hitung`);

--
-- Indexes for table `periksa`
--
ALTER TABLE `periksa`
  ADD PRIMARY KEY (`id_periksa`),
  ADD UNIQUE KEY `id_penyakit` (`id_penyakit`);

--
-- Indexes for table `ras`
--
ALTER TABLE `ras`
  ADD PRIMARY KEY (`id_ras`);

--
-- Indexes for table `tabel_relasi`
--
ALTER TABLE `tabel_relasi`
  ADD PRIMARY KEY (`id_relasi`);

--
-- Indexes for table `user`
--
ALTER TABLE `user`
  ADD PRIMARY KEY (`id_user`);

--
-- AUTO_INCREMENT for dumped tables
--

--
-- AUTO_INCREMENT for table `data_kucing`
--
ALTER TABLE `data_kucing`
  MODIFY `id_kucing` int(11) NOT NULL AUTO_INCREMENT, AUTO_INCREMENT=440;
--
-- AUTO_INCREMENT for table `gejala`
--
ALTER TABLE `gejala`
  MODIFY `id_gejala` int(11) NOT NULL AUTO_INCREMENT, AUTO_INCREMENT=29;
--
-- AUTO_INCREMENT for table `gejala_umum`
--
ALTER TABLE `gejala_umum`
  MODIFY `id_gejala_umum` int(11) NOT NULL AUTO_INCREMENT, AUTO_INCREMENT=4;
--
-- AUTO_INCREMENT for table `nilai`
--
ALTER TABLE `nilai`
  MODIFY `id_nilai` int(11) NOT NULL AUTO_INCREMENT;
--
-- AUTO_INCREMENT for table `penyakit`
--
ALTER TABLE `penyakit`
  MODIFY `id_pernyakit` int(11) NOT NULL AUTO_INCREMENT, AUTO_INCREMENT=15;
--
-- AUTO_INCREMENT for table `perhitungan_sementara`
--
ALTER TABLE `perhitungan_sementara`
  MODIFY `id_hitung` int(11) NOT NULL AUTO_INCREMENT, AUTO_INCREMENT=1107;
--
-- AUTO_INCREMENT for table `periksa`
--
ALTER TABLE `periksa`
  MODIFY `id_periksa` int(11) NOT NULL AUTO_INCREMENT;
--
-- AUTO_INCREMENT for table `ras`
--
ALTER TABLE `ras`
  MODIFY `id_ras` int(11) NOT NULL AUTO_INCREMENT, AUTO_INCREMENT=36;
--
-- AUTO_INCREMENT for table `tabel_relasi`
--
ALTER TABLE `tabel_relasi`
  MODIFY `id_relasi` int(11) NOT NULL AUTO_INCREMENT, AUTO_INCREMENT=65;
--
-- AUTO_INCREMENT for table `user`
--
ALTER TABLE `user`
  MODIFY `id_user` int(11) NOT NULL AUTO_INCREMENT, AUTO_INCREMENT=6;
/*!40101 SET CHARACTER_SET_CLIENT=@OLD_CHARACTER_SET_CLIENT */;
/*!40101 SET CHARACTER_SET_RESULTS=@OLD_CHARACTER_SET_RESULTS */;
/*!40101 SET COLLATION_CONNECTION=@OLD_COLLATION_CONNECTION */;
